{
  "P_max": 2000,
  "n_impacted": 465,
  "n_survival": 455,
  "n_casualty": 8,
  "n_arrival": 1535,
  "n_active": 2,
  "RI": 0.2325,
  "RS": 0.978494623655914,
  "RC": 0.017204301075268817,
  "RL": 0.004301075268817204,
  "community": "PSU-UP",
  "H_max": 5,
  "panic_rate": 0.9,
  "seed": 42,
  "elapsed_sec": 31.9
}